{
    "blend": {
        "func": "add",
        "srcrgb": "one",
        "dstrgb": "zero"
    },
    "vertex": "aa",
    "fragment": "aa",
    "attributes": [ "Position" ],
    "samplers": [
        { "name": "DiffuseSampler" },
        { "name": "DiffuseDepthSampler" },
        { "name": "TranslucentSampler" },
        { "name": "temporals3Sampler" },
        { "name": "TranslucentSpecSampler" },
        { "name": "TranslucentDepthSampler" },
        { "name": "ParticlesSampler" },
        { "name": "ParticlesDepthSampler" },
        { "name": "PartialCompositeSampler" },
        { "name": "ItemEntityDepthSampler" },
        { "name": "WeatherDepthSampler" },
        { "name": "CloudsDepthSampler" }
    ],
    "uniforms": [
        { "name": "Time",       "type": "float",     "count": 1,  "values": [ 0.0 ] },
        { "name": "ScreenSize", "type": "float", "count": 2, "values": [ 1.0, 1.0 ] },
        { "name": "ProjMat",    "type": "matrix4x4", "count": 16, "values": [ 1.0, 0.0, 0.0, 0.0, 0.0, 1.0, 0.0, 0.0, 0.0, 0.0, 1.0, 0.0, 0.0, 0.0, 0.0, 1.0 ] },
        { "name": "OutSize",    "type": "float",     "count": 2,  "values": [ 1.0, 1.0 ] },
        { "name": "InSize",     "type": "float",     "count": 2,  "values": [ 1.0, 1.0 ] },
        { "name": "FOV",        "type": "float",     "count": 1,  "values": [ 1.0 ] }
    ]
}
